trial_number,k_days,rsi_ob,rsi_os,t_vol,pat_thresh,tp,sl,rsi_w,long_thresh,short_thresh,sharpe_ratio
0,20,81,24,1.9713916998996044,0.7793693730312792,0.12294907955528155,0.0510422195566411,0.8775844874851984,0.5252789978189089,0.3284726860420974,0.01468284018872519
1,15,74,25,1.2881159054405271,0.47685330728158964,0.1058662809311911,0.02470566344557553,0.1536519640839794,0.686575105557371,0.6703681730009955,-0.046366238274960725
2,26,79,35,2.9654014633884627,0.7666045974415947,0.14302371897372068,0.01974547586228035,0.3298439454392922,0.635847350358584,0.42420896364535166,0.012071637876001351
3,23,78,34,2.0486669296627027,0.615077669510438,0.10493551713874744,0.029248927126930835,0.8566547333870353,0.44300170130128425,0.46927009067782366,0.013079734857851437
4,23,68,16,2.6202766663154655,0.4972018466583678,0.03779428645620532,0.05846158930753579,0.7816881948178307,0.5817681372709913,0.5337226635080725,0.06404754500263106
5,23,83,20,1.6750308122626574,0.5430271433411495,0.09598403414575164,0.010141527765900672,0.6644862765342795,0.46538352785663445,0.5066451173636835,0.016795354261177328
6,6,80,16,2.0808933012327904,0.44970733890357745,0.06353085291240985,0.01770137853680006,0.6483026520097794,0.33913446875575604,0.39639730134616996,0.025967047168120358
7,12,81,19,2.313127346887507,0.8850791758344967,0.05865775828143137,0.051533873749394,0.4955873838860392,0.5760282723748669,0.3687290595876133,0.024841696081193916
8,21,83,29,2.698147567416445,0.5252226385197201,0.056351940654052246,0.04649487767114356,0.2554145758434079,0.5976447073607069,0.6075789620506786,-0.021321839785141898
9,19,76,31,2.0960248477380485,0.899420867011292,0.14108081653879997,0.010556474505767582,0.6023152309265518,0.6320631088270616,0.41463796510227013,0.047480364432101595
10,29,68,15,2.5815348756839467,0.6637734303496086,0.02271394490958576,0.07525359793000663,0.7655089646495408,0.3841564069528603,0.5589409943123482,0.10042540397452815
11,30,67,15,2.587621969341159,0.6547574647087067,0.025437156673619357,0.0745669914442476,0.7725549627188595,0.36438911996484913,0.5646944840992839,0.09975604305987246
12,30,65,15,2.5568885952564644,0.6736907615970741,0.022450626909316207,0.07937535399737759,0.7402512398562894,0.3331703920320556,0.5668106621378002,0.0697183933949508
13,30,71,21,2.9284549733678693,0.6518565947062298,0.021376273259565547,0.07800944987824938,0.4779784747134927,0.3991869293356563,0.617105067508745,0.07552525283888077
14,27,66,18,2.449249118630462,0.7228938942929641,0.04373961560689903,0.0668808298391035,0.7760331708156054,0.38782118567452156,0.6900905186254863,-0.005402517624421886
15,26,70,22,1.598317893802139,0.584422860974855,0.07709010793307133,0.06558479262414109,0.5869067309845782,0.3030792686391419,0.5825112506518146,-0.03204920587453048
16,30,73,27,2.3066262507132103,0.40052410309376196,0.038686329368894844,0.03636522522016723,0.41792960348948516,0.3940337991235468,0.47850780676561855,0.052757133046750664
17,15,68,17,2.8078072403981147,0.6991638035627157,0.0758967550990921,0.06721233501160671,0.7132713192141429,0.48986213573291665,0.6342060895175587,-0.022702450945654068
18,5,71,23,1.004510717066275,0.806795796194459,0.031571296809236385,0.07270885777381375,0.8410198973736204,0.4283918914812021,0.5366423085010007,0.10754002253867113
19,5,71,23,1.0102019464724166,0.8221113375240812,0.044596551155632144,0.05907867599899611,0.8201107587083333,0.44739044759057345,0.5129205847766724,0.05323819629736786
20,10,76,27,1.5884077885708026,0.8173169828871721,0.0317980422214873,0.07256100450750144,0.8690936034612314,0.5352045662280731,0.4463647863088772,0.12413709931286337
21,9,76,27,1.0115681600319382,0.8216675437443481,0.03560840178900892,0.07189926093749471,0.8985737981651294,0.5112497533286576,0.4601501301558171,0.06447170898443841
22,8,73,32,1.3974546276102782,0.8442110448832297,0.05167091728798501,0.060992424812273974,0.6988121118641706,0.42506119391249925,0.5381578622612254,0.0374388788521264
23,10,70,27,1.8184092563736083,0.7596846351185882,0.030422537400006645,0.07213281296007981,0.8420693503493946,0.5289269981343048,0.4430864437350861,0.12386373776191595
24,11,70,26,1.708631571399874,0.7557489013845637,0.06853984889740228,0.07127296618666087,0.8409380283570619,0.5451118069529675,0.438319932650686,0.023675460865703147
25,8,77,29,1.3001834647714936,0.8053377207221265,0.0314118814357801,0.038316331702690824,0.5803416462494307,0.4862535156114197,0.4457880343379114,0.13717468399374247
26,13,77,29,1.338422841740294,0.8581526440582699,0.04422570011927304,0.03785732452359978,0.5800236749386236,0.48261277819053877,0.37581557865932413,0.08166745672268524
27,10,85,30,1.8459725223539885,0.7196381577145253,0.0502906691718088,0.03870012585438541,0.3881921027768059,0.5521416346502922,0.3315116811540788,0.07907943668164587
28,7,74,28,1.4997725377395468,0.7890513501603338,0.030438223328040772,0.043257507647057894,0.5238320459710901,0.5164346254673863,0.4489291794350487,0.12367905315859051
29,14,75,25,1.1944047165142198,0.7464361957660673,0.12194812998488533,0.05205595456762627,0.642082056925329,0.538113958535997,0.3283832539957293,0.0030118646100004342
30,17,78,31,1.8199356644842206,0.8573057854502024,0.06845597167090343,0.032541455218668254,0.8968650867562156,0.6178154272143597,0.3019035997620185,0.09128345704837197
31,7,73,27,1.5128408779800175,0.7903098279329881,0.030510622987548426,0.04281829003115972,0.4354576488159022,0.5139276427205659,0.43525424571698207,0.12969530556826722
32,8,74,26,1.5089074901294224,0.7805302423228327,0.031786621898145746,0.04546310095735995,0.23735741713452554,0.4938573201432951,0.48687001906257893,0.02935648118199935
33,10,72,24,1.2138296714387637,0.7983562753104524,0.05015853904861618,0.055326682008317876,0.43042817959093504,0.5570819371276949,0.39537372427374645,0.038789566582949846
34,7,76,33,1.9018198501048713,0.7482286137789387,0.0292616998996756,0.028051009987550623,0.3535491199281357,0.696105799168105,0.41921274960684957,0.17792137697434535
35,7,76,34,1.946033783959655,0.72762903526727,0.04150106010675769,0.02603303160160112,0.32741887051888446,0.47142596758169153,0.4259547481415994,0.05157503264678847
36,7,79,33,1.5163719752011757,0.836868013548708,0.095700366545819,0.030682173763438434,0.1640535830136125,0.6633382414790455,0.4051902881678023,-0.01064303044060231
37,12,78,35,1.6759729397486232,0.615721162818391,0.027716445075820773,0.020591841781531978,0.34300687087188075,0.6990847093589841,0.36100176804295253,0.18809351341717565
38,12,78,35,1.687011074627074,0.6162146922097058,0.02098341700057864,0.02053477790252964,0.32782836336808047,0.6747647511276031,0.36695122259121393,0.20036463072446084
39,17,81,35,2.185659795789146,0.6056173733167662,0.021801456507449156,0.02011583604984822,0.34176234744083633,0.6983334632684373,0.3578649395725447,0.18195300665431033
40,17,81,35,1.9829054632129084,0.6142034429831296,0.11492889649509294,0.019397723259084503,0.3115518276341372,0.6978784939554548,0.35538781020971033,0.0003512201670541997
41,13,79,34,2.103269307633635,0.5811950225267386,0.021031741239937684,0.015530828501755163,0.285670677523927,0.6691502209010365,0.37987874936324606,0.21856929043782927
42,16,80,34,2.1853776040489814,0.5636353294623417,0.020468992635555194,0.014537551589795342,0.271193455914251,0.6708118140003173,0.3531900949440779,0.17855382087100446
43,16,82,35,2.2184695706337596,0.5735986654767073,0.020702210525495292,0.014661690939021633,0.26291096011949994,0.6661068451178317,0.3478814033684199,0.17196777870076269
44,20,80,34,2.1917241536402035,0.6214769496277304,0.02031457314496419,0.023122895642200148,0.11785304600240828,0.6719769255708667,0.3820273255304751,0.012604541836534797
45,13,79,33,2.117284926361971,0.5404033425409935,0.03818380671468018,0.014010891074647964,0.29345019945520445,0.6405436771360531,0.31555906360314634,0.0766511785310851
46,19,83,34,2.3980638027281107,0.577561550906819,0.024460013215171626,0.022378866015788788,0.21147103760707145,0.677505945866453,0.3542507795607678,0.05737152388980391
47,15,81,32,1.7001646497206335,0.4997665069170773,0.024361427853395328,0.01602204473558422,0.17832753612608254,0.6476789590406834,0.33705108804331374,0.007454807040576702
48,12,79,35,2.046502915646963,0.6229599905975371,0.13562451604374465,0.010042430849130158,0.3604428907292876,0.6169852448773498,0.37024534812570514,0.015260968757828482
49,18,80,32,2.1929175991166634,0.5972753549217213,0.05682047968048842,0.0199975874922698,0.2783558865607185,0.652150757138361,0.3887746207189715,0.019009976527276474
50,14,78,34,2.43728650240893,0.5574342914022504,0.026120584665044085,0.014083332241970642,0.19261165685373055,0.6860115795881129,0.3000058832166935,-0.014021666754064016
51,12,82,33,1.9072099363170774,0.6824496185324561,0.026825781919134983,0.028578627333011728,0.3726420782248019,0.6861257198226085,0.36307553481616406,0.19951103597274283
52,12,84,35,2.3026669107104656,0.6771914665722663,0.03687028554767338,0.01766454472127673,0.38333410926690814,0.6149815473768563,0.36020848180390586,0.1427835953448894
53,16,82,33,1.7793968449113264,0.639287450353927,0.02010779330688734,0.025190611862304313,0.3069408417312243,0.6573330311070856,0.4040486316422761,0.23985524042658854
54,13,82,31,1.6419509827769703,0.6292474841567068,0.026407433476284166,0.027068273773390324,0.3457162731745812,0.699547134152519,0.3936442434870369,0.18509890957417074
55,13,83,31,1.7558140855501745,0.6436231301833115,0.03670275070880656,0.025220820375253767,0.39073262531626074,0.6310603149406034,0.402741491030269,0.13831361267187994
56,11,82,33,1.5989775476042698,0.6904373141930717,0.04763655958599479,0.03371414504211158,0.22440530846267054,0.5970117639032191,0.38040402575680277,-0.003322730258526267
57,14,85,31,1.9007099440515272,0.6336907239251277,0.02790569333357858,0.027656162125837852,0.31500008092018206,0.6588089773468727,0.40931104358939724,0.19373754671883492
58,14,84,32,1.8960324747304296,0.6462763159749482,0.03576207208561684,0.023927050043999566,0.3084412265785006,0.654221714011299,0.4106875840787806,0.09819481869402878
59,15,84,30,1.7667316874374126,0.5925137163681539,0.09160603864118992,0.030662200014149172,0.4640374261849417,0.6840277807317083,0.33205718761204467,0.015124184953649937
60,22,85,33,2.0172176004378297,0.663935192133832,0.04100545626746062,0.021857733021697703,0.24549035706258834,0.579802772723939,0.37016678825767413,0.012782046378128574
61,11,82,31,1.644094828448581,0.6348427503977608,0.0268037759982913,0.027813340304129273,0.37026297161979344,0.6599452137595967,0.38307449038777874,0.1706995482281884
62,12,78,30,1.7679296460346192,0.6891319913495336,0.027767217506142194,0.026611675689452004,0.32655246193949716,0.6377756838426885,0.42414536848298245,0.20611138425380007
63,12,78,30,1.7658884539605642,0.6869366841895649,0.03383350377314701,0.03511673103992741,0.41091739973691366,0.6334972621323142,0.41971116181588186,0.10685408566272678
64,14,77,32,1.9052106736657712,0.7048264593040899,0.02721406408100262,0.01741942375832799,0.31826196288130165,0.5968531013660467,0.4570777621182237,0.16122019071304666
65,16,78,33,2.080781788918567,0.6617252849046994,0.026161830368590933,0.012350552656384076,0.28558157967461095,0.6801380408523741,0.42655704959929386,0.12573075926767052
66,9,79,34,1.8564067140822949,0.5132133415159946,0.04664481779988709,0.0290495067330055,0.45934552887142055,0.6434541178583548,0.31736538847060636,0.08767358206356779
67,11,77,32,1.974985474818005,0.7104839459419391,0.04172570426336369,0.02107197186889681,0.5241654541039258,0.6199333195958777,0.40350928727342494,0.09554199259151029
68,14,80,30,1.424506248894406,0.46273615189873446,0.03401304936184142,0.031905110425099054,0.30028354395596624,0.6817154538174073,0.4707164486296802,0.04660070897391544
69,12,75,34,1.7663756293715016,0.6748593074524563,0.10610095817837593,0.02521147830897625,0.2094407715548131,0.6591437743870793,0.3458493657258714,0.02286641984145362
70,9,85,33,1.6959532565097375,0.6021011091227432,0.06318747158349464,0.018604286523345476,0.40321986420640743,0.6313991944333135,0.37017006731736424,0.06133988701959296
71,13,82,29,1.6151967101820417,0.6279806993718114,0.0283264718584434,0.026908653086414797,0.33338184581071584,0.692868349567046,0.38995164433241986,0.1413931864985849
72,13,84,31,1.5612671384460017,0.6465602056108676,0.024146569077010148,0.023806442733064998,0.3472241721829748,0.669437802559833,0.3933414832191349,0.16449117495581866
73,11,81,31,1.8267569276856281,0.634831518467235,0.028869255065834154,0.030413991017257655,0.3688593158366783,0.6873092660514977,0.41314438362996414,0.13099617745154668
74,15,83,35,1.6767030775796892,0.613120663477392,0.02374264724709763,0.02687029230751115,0.24507324494759913,0.6529725170824572,0.3645272380788587,0.10920301014092806
75,12,77,28,1.940837053085485,0.587652963749026,0.033338157961802006,0.040589133034029945,0.44011501691062493,0.6976667562867389,0.40148585337446724,0.12072956863021311
76,16,80,34,1.4206882004782686,0.5380319164443305,0.02002929028062641,0.04799089239498359,0.259978250723259,0.6749874574827807,0.3405090027443035,0.09949735358145118
77,10,82,32,1.7392480422562755,0.6634937527439092,0.028583708941782356,0.03485225645659927,0.3312790953170384,0.607127304382833,0.3203164751036569,0.1336598549729361
78,13,79,35,1.8805899067442169,0.5584537695583232,0.039638596102897494,0.01212198529746377,0.28963127466469973,0.6678300964620908,0.4267318591714514,0.08414646060816715
79,14,83,33,1.8020549861692186,0.7302373051860398,0.03295019417065838,0.016440007112943873,0.34699246285629487,0.6429880617001815,0.49757376053243063,0.15523512434485404
80,18,78,19,1.5535720976698104,0.6926974034115017,0.022853280702338972,0.02283572339798673,0.3156568151509971,0.6871656878656268,0.3794487591777921,0.22548985624263024
81,18,78,20,1.665353436491444,0.6855290678889404,0.02428138564864006,0.02201822814523361,0.30050008337431505,0.6889018859296141,0.3788792331238131,0.18407951378934986
82,16,77,21,1.5670633714154392,0.6355013127812956,0.023129999571834797,0.02919496419830844,0.3235573632088024,0.6783384712821761,0.4370388024166053,0.13787583349391497
83,19,81,18,1.6386936083636938,0.6087579563030371,0.0289285339874506,0.024492210362144967,0.36657391705321696,0.6613435318012777,0.394897132495984,0.1005208648283768
84,13,79,28,1.4863240835388545,0.6541801301300616,0.08049914502734327,0.020796108548242268,0.26746810713825153,0.699415356348369,0.3642980312096648,0.02100061456262006
85,15,80,23,2.128606327606639,0.5751957075519485,0.03188890439095287,0.028275628741061914,0.38305794543679855,0.6879244164786662,0.38830023134895136,0.11013222824881934
86,10,78,17,2.023851089512904,0.6995746744253337,0.022820273574125773,0.026174079330317346,0.3144239114351905,0.6502500285178513,0.34665237120116804,0.23537264933477114
87,10,76,17,2.012796402159258,0.702337887672061,0.02253907801416176,0.023017404812300274,0.23135561755699674,0.622982260454627,0.3446115721954086,0.12585897710125463
88,11,78,16,2.2522701497064412,0.7195884193711459,0.020230906761458105,0.018950189128077242,0.3145753604912447,0.649449537144306,0.37721875560258,0.27345618659406745
89,11,78,16,2.2880202432981416,0.7320011152862379,0.02206918257898533,0.019322090918190753,0.13308597399857056,0.6487354737357189,0.6568967787274855,0.06825777062613657
90,9,75,16,1.9447455896935253,0.7454706295009292,0.036103283301316375,0.016107194371946548,0.31311407364800303,0.608426785921788,0.3742068766385483,0.10871232657006677
91,12,78,15,2.250919049316678,0.6968284414065797,0.020786082867227173,0.02554408890067391,0.27338037467147863,0.6366430851261158,0.35371720036871357,0.19466336103141024
92,20,79,15,2.3648225893109087,0.7104014144868267,0.020219437303147035,0.025703741467355084,0.2834333969171199,0.633897283000208,0.3268628655651306,0.17490944742273723
93,12,77,17,2.2361870872835845,0.7188262277497357,0.024933500847946943,0.018076312543054824,0.2535801646738151,0.5705988108201947,0.3504490750066547,0.08797188481085016
94,11,76,15,2.5182481147729905,0.6909181360963237,0.029712479494278476,0.03142545364313322,0.2717095117999666,0.6261734796864911,0.4127617828701452,0.12260376934959691
95,18,79,18,2.0773156916631588,0.6746479965042477,0.020405273621200308,0.032916824932607266,0.21012083453587477,0.6401468142755564,0.37902305321555363,0.05602674310196636
96,10,78,16,2.2545873890617623,0.6980288206580924,0.02572386146472767,0.022774627690416174,0.3042707258990923,0.657534263659098,0.3103734315568317,0.20968339278467696
97,8,78,16,2.142381570627854,0.7711305009592445,0.025032322720279828,0.012603895331510361,0.2951665136302499,0.6694717574824702,0.3385741205695534,0.2137007861224394
98,8,77,18,2.154627351712449,0.7689513804175723,0.03164136490076107,0.011794889658912486,0.2957087022549552,0.6696126667109976,0.30854172034255234,0.16444103709754745
99,6,80,19,2.140085957582353,0.740572849716511,0.02552183505512687,0.012611345672834508,0.3988618085851311,0.6552365531883084,0.3352514433281117,0.25125347924874464
100,8,80,19,2.154174162376221,0.7704395390456592,0.024328216895151664,0.014615801630741228,0.4061577340028047,0.6501124404319507,0.3368061688374938,0.23838041976869837
